SiteID,Study,Species,Locality,LatDeg,LatMin,LongDeg,LongMin,spawnstart,spawnend,peak1,spawnstart2,spawnend2,peak2,spawnstart3,spawnend3,peak3,Notes,
1,Abraham 1953,Meretrix casta,Adyar river mouth,13,1,80,16,2,8,7,,,,,,,,
2,Adachi 1979,Ruditapes phillipinarum,"Inage, Japan",35,36,140,3,6,6,6,10,11,10,,,,,
3,Ahn et al 2003,Laternula elliptica,"Marian Cove, Antarctica",-62,13,-58,47,11,3,1,,,,,,,,
4,Alagarswami 1966,Donax faba,"Vedelai, India",9,15,79,8,4,7,6,11,12,12,,,,,
5,Allen 1962,Brachidontes recurvus,Hackett's Bar,36,52,-76,18,6,11,8,,,,,,,,
6,Almeida et al 1999,Crassostrea gigas,"Ria de Aveiro, Portugal",40,42,-8,40,6,7,6,,,,,,,,
6,Almeida et al 1999,Ostrea edulis,"Ria de Aveiro, Portugal",40,42,-8,40,6,7,6,,,,,,,,
7,Andersen 1971,Panopea generosa,"Hood Canal, Washington",47,38,-122,47,12,7,5,,,,,,,,
8,Anibal et al ,Ruditapes decussatus,"Ria Formosa, Portugal",37,0,-7,58,6,9,6,,,,,,,,
9,Ansell 1961,Venus striatula,Kames Bay,55,45,-4,55,5,7,6,,,,,,,,
10,Ansell 1972,Donax vittatus,Kames Bay,55,45,-4,55,6,8,7,,,,,,,,
11,Ansell 1974,Pseudomussium peslutrae,"Cumbrae deep, UK",55,45,-4,57,5,5,5,7,8,7,,,,,
12,Ansell 1974b,Abra alba,"Cumbrae deep, UK",55,45,-4,57,7,10,7,,,,,,,,
13,Ansell and Bodoy 1979,Donax trunculus,"Camarque Coast, France",43,23,4,55,5,6,5,8,10,8,,,,,
14,Ansell and Bodoy 1979,Donax vittatus,"Gullane, Scotland",56,2,-2,50,6,10,6,,,,,,,,
15,Ansell and Trevallion 1967,Tellina tenuis,Kames Bay,55,45,-4,55,6,7,6,,,,,,,,
16,Ansell et al 1980,Donax trunculus,"Azur Plage, Algeria",36,44,2,50,5,9,7,,,,,,,,
17,Aragon-Noriega et al 2007,Panopea globosa,Bahia de Guaymas-Empalme,27,53,-110,43,12,1,12,,,,,,,,
18,Arellano-Martinez et al 2011,Nodipecten subnodosus,"Guerrero Negro Lagoon, Baja California Sur",27,55,-114,2,10,11,11,,,,,,,,
19,Arendse et al 2008,Pecten sulcicostatus,"False Bay, South Africa",-34,14,18,28,6,9,8,,,,,,,,
20,Arjarasirikoon et al 2004,Pteria penguin,"Si-Chang Islands, Thailand",13,9,110,48,1,12,7,,,,,,,,
21,Asif 1980,Crassostrea cucullata,"Gaddani Beach, Pakistan",25,7,66,43,1,12,6,,,,,,,,
22,Avendano and Pennec 1997,Argopecten purpuratus,"Meijillones Bay, Chile",23,30,-70,27,1,6,3,,,,,,,,
23,Avendano and Pennec 1997,Argopecten purpuratus,"Rinconada Bay, Chile",23,5,-70,27,11,3,11,8,9,8,,,,,
24,Barber and Blake 1981,Argopecten irradians,"Tarpon Springs, FL",28,9,-82,45,10,10,10,,,,,,,,
25,Baron 1992,Atactodea striata,"Karikate, New Caledonia",-22,6,166,11,8,4,3,,,,,,,,
26,Baron 1992,Anadara scapha,"Teremba, New Caledonia",-21,46,165,44,9,1,12,,,,,,,,
27,Baron 1992,Gafrarium tumidum,"Tomo, New Caledonia",-21,57,11,9,1,12,3,,,,,,,,
28,Baron et al 2004,Ensis macha,"Puerto Lobos, Argentina",-42,0,-65,4,1,12,10,1,12,5,,,,,
29,Behzadi et al 1997,Pinctada fucata,"Nakhiloo, Iran",26,49,53,22,4,1,7,,,,,,,,
30,Beninger and Lucas 1984,Ruditapes decussatus,"Ile-Tudy, France",47,50,-4,10,4,9,6,,,,,,,,
31,Beninger and Lucas 1984,Ruditapes phillipinarum,"Ile-Tudy, France",47,50,-4,10,3,11,7,,,,,,,,
32,Bonsdorff and Wenne 1989,Macoma balthica,Aland archipelago,60,13,19,35,4,5,4,,,,,,,,
33,Borrero 1987,Geukensia demissa,"North Inlet Estuary, SC",33,19,-79,8,8,9,8,,,,,,,,
34,Borsa and Millet 1992,Ruditapes decussatus,"Thau lagoon, France",43,24,3,36,6,6,6,8,8,8,,,,,
35,Boyden 1971,Cerastoderma edule,"Crouch estuary, Essex",51,8,1,0,5,6,5,,,,,,,,
36,Boyden 1971,Cerastoderma glaucum,"Crouch estuary, Essex",51,8,1,0,7,8,7,,,,,,,,
37,Breber 1980,Venerupis decussata,Venice Lagoon,45,13,12,17,7,9,7,,,,,,,,
38,Breen et al 1991,Panopea zelandica,"Collingwood, NZ",-40,41,172,41,2,4,3,,,,,,,,
39,Broom 1983,Anadara granosa,"Kuala Selangor, Malaysia",3,20,101,14,1,12,10,,,,,,,,
40,Broom and Mason 1978,Aequipecten opercularis,Langstone Harbor,50,48,-1,2,6,7,6,9,10,9,1,2,1,,
41,Brown 1982,Abra nitida,"Tjorn, Sweden",57,6,11,3,1,12,5,,,,,,,,
42,Brown 1984,Modiolus modiolus,"Gullmar Fjord, Sweden",58,18,11,20,5,3,9,,,,,,,,
43,Brown 1984,Modiolus modiolus,"Bergen, Norway",60,24,5,,1,12,12,,,,,,,,
44,Brown 1984,Modiolus modiolus,"Tromso, Norway",69,31,18,55,5,3,9,,,,,,,,
45,Brown 1984,Modiolus modiolus,"Strangford Lough, Ireland",54,24,5,40,1,12,12,,,,,,,,
46,Brown et al 2002,Gari solida,"Coliumo Bay, Chile",-36,32,-73,57,10,2,1,,,,,,,,
47,Brown et al 2002,Semele solida,"La Herradura Bay, Chile",-29,58,-71,22,6,2,10,,,,,,,,
48,Caddy 1967,Macoma balthica,Whitstable UK,51,22,1,1,4,6,5,,,,,,,,
49,Calderon-Aguilera et al 2010,Panopea globosa,"San Felipe, Mexico",31,15,-114,45,12,1,12,,,,,,,,
50,Cantillanez et al 2005,Argopecten purpuratus,"Antofagasta, Chile",-23,28,-70,31,1,12,9,,,,,,,,
51,Cardoso et al 2007,Spisula subtruncata,"Texel, Netherlands",53,3,4,48,6,8,6,,,,,,,,
52,Coe and Turner 1938,Mya arenaria,"New Haven, CT",41,18,-72,56,6,9,7,,,,,,,,
53,Comely 1974,Pecten maximus,"Great Cumbrae, UK",55,46,-4,56,3,4,3,6,7,6,,,,,
54,Crnevic et al 2013,Glycymeris nummaria,Mali Ston Bay,42,52,17,39,8,10,8,,,,,,,Females,
55,Cross et al 2012,Mya arenaria,"Bannow Bay, Ireland",52,13,-6,47,6,10,9,,,,,,,,
56,Cruz and Villalobos 1993,Mytella guyanensis,"Ochoa Estuary, Costa Rica",10,11,-85,6,9,11,9,2,5,3,,,,"Year-round, noting when spawning above 20 percent",
57,Darriba et al 2005,Ensis siliqua,"Ria de Corcubion, Spain",42,55,-9,12,4,5,4,,,,,,,,
58,de la Rua et al 2003,Chamelea gallina,"Donana, Spain",36,56,-6,26,1,9,6,,,,,,,,
59,de la Rua et al 2003,Chamelea gallina,"Fuengirola, Spain ",36,32,-4,37,1,12,6,,,,,,,,
60,de la Rua et al 2003,Chamelea gallina,"Punta Umbria, Spain",37,11,-6,58,1,9,6,,,,,,,,
61,Deval 2009,Donax trunculus,Northern Sea of Marmara,40,53,27,28,4,7,6,,,,,,,,
62,Deval and Gokturk 2008,Spisula subtruncata,Northern Sea of Marmara,40,53,27,28,5,8,6,,,,,,,,
63,Dias et al 2009,Mytilus trossulus,Loch Etive,56,34,-5,4,8,11,9,,,,,,,,
64,Dias et al 2009,Mytilus edulis,Loch Etive,56,34,-5,4,4,7,4,,,,,,,,
65,Dinamani et al 1987,Crassostrea gigas,"Northland, NZ",-34,17,174,6,9,4,3,,,,,,,,
66,Doherty et al 2009,Mytilus edulis,Galway Bay,53,13,-9,30,3,5,4,7,10,7,,,,,
67,Doherty et al 2009,Mytilus galloprovincialis,Galway Bay,53,13,-9,30,3,5,4,7,10,7,,,,invasive,
68,Dridi et al 2007,Crassostrea gigas,"Bizert lagoon, Tunisia",37,8,9,46,5,9,9,,,,,,,,
69,Durve 1964,Meretrix casta,"Mandapam Camp, India",9,17,79,8,12,4,1,,,,,,,,
70,Enriquez-Diaz et al 2007,Crassostrea gigas,Baie des Veys ,49,23,-1,9,8,8,8,,,,,,,,
71,Enriquez-Diaz et al 2007,Crassostrea gigas,Marennes-Oleron,45,49,-1,13,7,8,8,,,,,,,,
72,Eshky 1998,Donax faba,"Sharm Obhour, Saudi Arabia",21,42,39,6,6,6,6,11,12,11,,,,,
73,Eversole 2001,Mercenaria mercenaria,"Alligator Harbor, FL",29,54,-84,23,2,11,3,,,,,,,,
74,Eversole 2001,Mercenaria mercenaria,"Back Sound, NC",34,41,-76,34,5,10,5,,,,,,,,
75,Eversole 2001,Mercenaria mercenaria,"Charles Island, CT",41,11,-73,3,7,9,8,,,,,,,,
76,Eversole 2001,Mercenaria mercenaria,"Chesapeake Bay, VA",36,52,-76,18,5,10,8,,,,,,,,
77,Eversole 2001,Mercenaria mercenaria,"Clark Sound, SC",32,43,-79,56,3,12,5,,,,,,,,
78,Eversole 2001,Mercenaria mercenaria,"Delaware Bay, NY",38,47,-75,7,6,9,8,,,,,,,,
79,Eversole 2001,Mercenaria mercenaria,"Gr. South Bay, NY",40,41,-73,7,5,8,6,,,,,,,,
80,Eversole 2001,Mercenaria mercenaria,"Indian River, FL",28,13,-80,35,1,12,3,,,,,,,,
81,Eversole 2001,Mercenaria mercenaria,"N. Santee Bay, SC",33,10,-79,14,3,11,5,,,,,,,,
82,Eversole 2001,Mercenaria mercenaria,"Raritan Bay, NY",40,29,-74,16,6,10,8,,,,,,,,
83,Eversole 2001,Mercenaria mercenaria,"Wassaw Sound, GA",31,56,-80,57,2,12,5,,,,,,,,
84,Fernandez Castro and de Mattio 1987,Ostrea puelchana,"Chubut, Argentina",-42,30,-65,35,12,2,1,,,,,,,,
85,Fillipenko and Naumenko 2014,Mya arenaria,Darss-Zingst lagoon,54,23,12,37,6,7,6,,,,,,,,
86,Galap et al 1997,Glycymeris glycymeris,"Douarnenez, Brittany",48,6,-4,20,4,5,4,9,10,9,,,,,
87,Garcia-Corona et al 2018,Modiolus capax,"Bahia de La Pas, Baja California, Sur",24,18,-110,20,4,6,5,9,11,8,,,,Some from March-April and July-August (below 20%),
88,Garcia-Dominguez et al 2008,Anadara tuberculosa,"Bahia Magdalena, Mexico",24,41,-112,1,6,4,12,,,,,,,,
89,Gaspar et al 1998,Ensis siliqua,"Vilamoura, Portugal",37,4,-8,7,3,6,4,,,,,,,,
90,Gaspar et al 1998,Venus striatula,"Vilamoura, Portugal",37,4,-8,7,5,9,6,,,,,,,,
91,Gaspar et al 1999,Donax trunculus,"Faro, Portugal",36,57,-7,56,3,8,5,,,,,,,100 percent from April to July,
92,Ghribi et al 2017,Arca noae,"Bizert lagoon, Tunisia",37,10,9,52,11,4,2,7,9,8,,,,,
93,Gozler and Tarkan 2000,Ruditapes decussatus,"Cardak Lagoon, Turkey",40,21,26,43,7,10,7,,,,,,,,
94,Gribben et al 2001,Ruditapes largillierti,"Whangetau Harbor, NZ",-34,43,173,31,8,12,10,,,,,,,,
95,Gribben et al 2004,Panopea zelandica,"Kennedy Bay, NZ",-36,41,175,43,10,1,10,,,,,,,,
96,Gribben et al 2005,Panopea zelandica,"Shelly Bay, NZ",-41,18,174,53,12,4,3,,,,,,,,
97,Griffiths 1977,Choromytilus meridionalis,"Bailey's Cottage, False Bay",-34,7,18,28,1,2,1,8,8,8,10,11,10,,
98,Guillou and Sauriau 1985,Venus striatula,"Douarnenez, Brittany",48,6,-4,20,4,7,6,8,10,8,,,,,
99,Hadfield and Anderson 1988,Anadara trapezia,"Towra Point Nature Reserve, NSW, Australia",-34,1,151,11,12,6,4,,,,,,,,
100,Hadfield and Anderson 1989,Venerupis crenata,"Iron Cove, NSW",-33,52,151,10,1,12,12,,,,,,,,
101,Hadfield and Anderson 1990,Anomia descripta,"Iron Cove, NSW",-33,52,151,10,2,2,2,4,6,4,,,,,
102,Hamli et al 2015,Meretrix lyrata,"Buntal River, Malaysia",1,42,110,22,2,8,4,12,12,12,,,,,
103,Harvey and Vincent 1989,Macoma balthica,"Baie des Roses, Canada",48,26,-65,34,5,6,5,,,,,,,,
104,Hayes and Menzel 1981,Crassostrea virginica,"Alligator Harbor, FL",29,54,-84,23,7,11,9,,,,,,,,
105,Hayes and Menzel 1981,Crassostrea virginica,"Turkey Point, FL",25,25,-80,18,4,10,9,,,,,,,,
106,Heffernan et al 1989a,Crassostrea virginica,"Wassaw Sound, GA",31,56,-80,57,6,10,8,,,,,,,,
107,Herrmann et al 2009,Mesodesma mactroides,"Santa Teresita, Argentina",-36,32,-56,41,6,6,6,11,12,11,,,,For females,
108,Hooker and Creese 1995,Paphies australis,"Whangateau Harbor, NZ",-36,19,174,46,10,12,10,,,,,,,,
109,Jahangir et al 2014,Anadara antiquata,"Phitti Creek, Pakistan",24,48,66,14,1,12,11,,,,,,,,
110,Jahangir et al 2014,Anadara antiquata,"Sonmiani Bay, Pakistan",25,25,66,35,1,12,10,,,,,,,,
111,Jasim and Brand 1989,Modiolus modiolus,Isle of Man,53,55,-4,34,1,12,11,,,,,,,,
112,Jeon et al 2012,Barnea davidi,"Hampyeong Bay, Korea",35,5,126,21,6,7,6,,,,,,,,
113,Joaquim et al 2008,Spisula solida,"Algarve coast, Portugal",37,3,-7,45,2,5,4,,,,,,,,
114,Joaquim et al 2011,Venerupis senegalensis,"Ria de Aveiro, Portugal",40,42,-8,40,3,8,6,,,,,,,,
115,Juric et al 2012,Venerupis decussata,Pag Bay,44,27,15,3,5,9,,,,,,,,,
116,Kanazawa and Sato 2008,Ruditapes phillipinarum,"Unoo, Fukushima, Japan",37,49,140,59,6,10,7,,,,,,,,
117,Kanti et al 1993,Spisula solidissima,"St. Catherine's Island, Georgia",31,38,-81,9,3,6,4,,,,,,,,
118,Karayucel and Karayucel 2000,Mytilus edulis,Loch Etive,56,34,-5,4,3,4,3,,,,,,,,
119,Lammens 1967,Macoma balthica,"Den Helder, Netherlands",52,56,4,41,5,6,5,,,,,,,,
120,Langdon and Robinson 1996,Crassostrea ariakensis,"Yaquina Bay, OR",44,46,-124,1,7,8,7,,,,,,,,
121,Langdon and Robinson 1996,Crassostrea gigas,"Yaquina Bay, OR",44,46,-124,1,10,1,10,,,,,,,,
122,Laruelle et al 1994,Ruditapes phillipinarum,Bay of Brest,48,21,-4,18,5,5,5,8,11,8,,,,,
123,Laruelle et al 1994,Ruditapes decussatus,Bay of Brest,48,21,-4,18,7,10,7,,,,,,,,
124,Laruelle et al 1994,Ruditapes decussatus,Etel Ria,47,45,-3,13,6,7,7,9,10,9,,,,,
125,Laruelle et al 1994,Ruditapes phillipinarum,Morbihan Gulf,47,41,-2,45,6,7,6,9,10,9,,,,,
126,Lee 1988,Perna viridis,"Victoria Harbour, Hong Kong",22,18,114,10,7,11,0,,,,,,,,
127,Li et al 2011,Mactra chinensis,"Haiyang, China",36,46,121,9,7,9,8,,,,,,,,
128,Liu et al 2008,Fulvia mutica,"Weihai, China",36,41,121,11,2,7,4,,,,,,,,
129,Lodeiros and Himmelman 1994,Euvola ziczac,"Turpialito, Venezuela",10,27,-64,0,3,8,4,3,8,7,,,,,
130,Lodeiros and Himmelman 1999,Lima scabra,"Turpialito, Venezuela",10,27,-64,0,6,7,,11,12,,,,,,
131,Loosanoff 1942,Ostrea virginica,"Milford, CT",41,14,-73,4,6,9,7,,,,,,,,
132,Loosanoff 1953,Arctica islandica,"Point Judith, RI",41,22,-71,29,6,10,7,,,,,,,,
133,Lowe et al 1982,Mytilus edulis,"Tal Y Foel, Anglesey UK",53,8,-4,19,3,6,5,,,,,,,,
134,MacDonald and Bourne 1987,Patinopecten caurinus,"St George Sound, BC",48,55,-123,26,4,7,,,,,,,,,
135,MacDonald and Thompson 1986,Placopecten magellanicus,"Sunnyside, Newfoundland",47,51,-53,53,8,9,,,,,,,,,
136,MacDonald and Thompson 1988,Placopecten magellanicus,New Jersey,40,13,-73,53,9,11,,,,,,,,,
137,MacDonald and Thompson 1988,Placopecten magellanicus,"Sunnyside, Newfoundland",47,51,-53,53,7,9,,,,,,,,,
138,Mane 1974,Katelysia opima,Kalbadevi Estuary,17,2,73,17,10,10,10,4,4,4,,,,,
139,Marroquin-Mora and Rice 2008,Mercenaria mercenaria,Providence River,41,45,-71,22,6,10,7,,,,,,,,
140,Matias et al 2013,Ruditapes decussatus,"Algarve coast, Portugal",37,3,-7,45,5,8,7,,,,,,,,
141,Matias et al 2013,Ruditapes decussatus,"Ria de Aveiro, Portugal",40,37,-8,40,5,8,7,,,,,,,,
142,McLachlan and Hanekom 1989,Donax serra,"East Cape, South Africa",-33,55,18,31,1,4,1,7,8,7,,,,,
143,Menenghetti et al 2004,Ruditapes decussatus,Venice Lagoon,45,13,12,17,5,9,6,,,,,,,,
144,Miac et al 1997,Mya arenaria,Puck Bay,54,40,18,27,7,9,8,,,,,,,,
145,Mirzaei et al 2017,Anadara granosa,"Penang Island, Malaysia",5,20,100,11,1,12,4,,,,,,,spawns year round with peak in april,
146,Mladineo et al 2007,Modiolus barbatus,Mali Ston Bay,42,52,17,39,7,12,7,,,,,,,,
147,Mohite et al 2009,Paphia malabarica,Kalbadevi Estuary,17,2,73,17,9,1,9,,,,,,,,
148,Moller and Rosenberg 1983,Mya arenaria,Gullmarsvik,58,18,11,29,6,7,6,,,,,,,,
148,Moller and Rosenberg 1983,Cardium edule,Gullmarsvik,58,18,11,29,6,7,6,,,,,,,,
150,Morsan and Kroek 2005,Amiantis purpurata,"Villarino, Argentina",-40,50,-64,44,1,3,1,,,,,,,,
151,Morton 1989,Mytilopsis sallei,Hong Hong,22,19,114,8,12,2,1,4,5,4,,,,spawns twice a year,
152,Morvan and Ansell 1988,Ruditapes rhomboides,"Bay of St. Malo, France",49,1,-1,49,5,6,5,7,8,7,,,,,
153,Moura et al 2008,Callista chione,"Setubal, Portugal",38,28,-8,49,1,3,3,4,5,5,8,10,10,spawns year round with 3 peaks,
154,Narasimham 1988,Anadara granosa,"Kakinada Bay, India",16,59,82,25,1,12,10,,,,,,,,
155,Navarte 2003,Aequipecten tehuelcus,"El Sotano, Argentina",-41,57,-65,6,12,3,,,,,,,,,
156,Newell and Bayne 1980,Cardium edule,"Tamar Estuary, Cornwall, England",50,18,-4,12,6,9,6,,,,,,,,
157,Newell et al 1982,Mytilus edulis,"Shinnecock Bay, Long Island",40,51,-72,28,9,4,10,,,,,,,,
158,Newell et al 1982,Mytilus edulis,"Stony Brook Creek, Long Island",40,55,-73,8,4,9,5,,,,,,,,
159,Nichols and Thompson 1982,Macoma balthica,San Francisco Bay,38,6,-122,19,11,3,1,,,,,,,,
160,Nott 1980,Abra tenuis,Four Mile Bridge UK,53,17,-4,35,8,2,10,,,,,,,,
161,Nott 1980,Abra alba,"Red Wharf Bay, UK",53,18,-4,11,9,1,10,,,,,,,,
162,Ojea et al 2004,Ruditapes decussatus,"Galicia, Spain",43,18,-8,40,5,8,7,,,,,,,,
163,Paez-Osuna et al 1993,Crassostrea iridescens,,23,40,-106,47,5,11,6,,,,,,,,
163,Paez-Osuna et al 1993,Crassostrea corteziensis,,23,15,-106,28,8,9,8,,,,,,,,
165,Park et al 2003,Gomphina veneriformis,"Gangneung, Korea",37,47,129,1,6,8,7,,,,,,,,
166,Paulet et al 1985,Pecten maximus,Bay of Brest,48,20,-4,30,4,10,7,,,,,,,,
167,Paulet et al 1985,Pecten maximus,Bay of St. Brieuc,48,30,-2,40,7,10,8,,,,,,,,
168,Perdue and Erickson 1984,Crassostrea rivularis,"Oakland Bay, WA",47,13,-123,3,8,9,8,,,,,,,,
168,Perdue and Erickson 1984,Crassostrea gigas,"Oakland Bay, WA",47,13,-123,3,8,4,10,,,,,,,,
170,Peterson and Fegley 1985,Mercenaria mercenaria,Cape Lookout,34,38,-76,33,4,6,5,8,10,8,,,,measured as gonadal mass,
171,Pfitzenmeyer 1962,Mya arenaria,"Solomons, Maryland",38,19,-76,28,5,6,5,10,11,10,,,,,
172,Ponurovsky and Yakovlev 1992,Ruditapes phillipinarum,"Vostok Bay, Russia",42,53,132,44,5,9,7,,,,,,,,
173,Popovic et al 2013,Venus verrucosa,"Kastela Bay, Croatia",43,32,16,18,6,11,8,,,,,,,,
174,Pouvreau et al 2000,Pinctada margaritifera,"Takapoto Island, French Polynesia",-14,30,-145,20,1,12,11,,,,,,,"spawns year-round, 5 peaks",
175,Purroy et al 2018,Callista chione,Cetina,43,26,16,41,3,3,8,4,,,,,,,
176,Purroy et al 2018,Callista chione,Pag Bay,44,27,15,0,6,7,6,,,,,,,,
177,Quayle 1943,Paphia staminea,"Ladysmith Harbor, BC",48,59,-123,48,4,9,5,,,,,,,,
178,Racotta et al 2003,Nodipecten subnodosus,"Guerrero Negro, Baja California Sur, Mexico",27,26,-112,6,4,9,5,,,,,,,via Racotta et al 2003,
179,Rao 1988,Meretrix casta,Mulky Estuary,13,4,74,47,8,5,9,,,,,,,,
179,Rao 1988,Paphia malabarica,Mulky Estuary,13,4,74,47,10,2,10,,,,,,,,
181,Remacha-Trivino and Anadon 2006,Solen marginatus,"Santander Bay, Spain",43,27,-3,46,4,9,6,,,,,,,,
182,Remacha-Trivino and Anadon 2007,Solen marginatus,"Eo Estuary, Spain",43,31,-7,2,3,7,5,,,,,,,,
183,Remacha-Trivino and Anadon 2008,Solen marginatus,"Terron Estuary, Spain",37,11,6,54,5,8,5,,,,,,,,
184,Riascos 2006,Donax dentifer,Malaga Bay ,4,5,-77,16,1,12,8,,,,,,,year-round,
185,Robert et al 1991,Ostrea edulis,Bay of Arcachon,44,40,-1,10,4,6,6,,,,,,,,
186,Rodriguez-Astudillo et al 2005,Hyotissa hyotis,"Espiritu Santo, Mexico",24,26,-110,22,5,9,7,,,,,,,Gonadal index >10 percent,
187,Rodriguez-Rua et al 2003,Scrobiculara plana,"Guadalquivir Estuary, Spain",36,31,-6,15,3,9,5,,,,,,,,
188,Ropes 1968,Spisula solidissima,New Jersey,39,47,-74,9,7,8,7,10,11,10,,,,,
189,Ropes and Stickney 1965,Mya arenaria,"Boothbay Harbor, ME",43,51,-69,37,6,8,7,,,,,,,,
190,Ropes and Stickney 1965,Mya arenaria,"Plum Island, Massachusetts",42,45,-70,48,7,9,7,,,,,,,,
191,Ropes and Stickney 1965,Mya arenaria,"Sorrento, ME",44,28,-68,11,6,8,7,,,,,,,,
192,Ruiz et al 1992,Ostrea edulis,"San Cibran, Spain",42,49,-9,9,6,8,7,,,,,,,,
193,Saeedi et al 2009,Solen dactylus,"Bandar Abbas, Iran",27,12,56,21,7,12,11,,,,,,,,
194,Sastry 1963,Aequipecten irradians,"Alligator Harbor, FL",29,54,-84,23,8,10,8,,,,,,,,
195,Sastry 1966,Aequipecten irradians,Duke University Marine Laboratory,34,43,-76,40,9,11,,,,,,,,,
196,Sastry 1970,Aequipecten irradians,"Falmouth, MA",41,33,-70,37,7,9,7,,,,,,,,
197,Sastry 1971,Aequipecten irradians,"Beaufort, NC",34,43,-76,39,9,11,10,,,,,,,,
198,Sato 1995,Phacosoma noduliferum,Tokyo Bay,35,19,139,38,6,8,,,,,,,,,
199,Serdar and Lok 2009,Ruditapes decussatus,"Sufa Lagoon, Izmir",38,31,26,51,7,10,8,,,,,,,,
200,Serna-Gallo et al 2014,Pteria sterna,"Bahia de Acapulco, Mexico",16,50,-99,54,1,12,4,,,,,,,,
201,Seshappa 1967,Meretrix casta,Beypore Estuary,11,10,75,48,7,8,7,9,11,10,,,,,
202,Shafee and Daoudi 1991,Ruditapes decussatus,"Oulalidia, Morocco",32,44,-9,1,6,9,8,,,,,,,Some activity as early as May,
203,Siddiqui and Ahmed 2002,Ostrea nomades,"Karachi, Pakistan",24,49,66,55,1,12,5,,,,,,,,
204,Sreedhar and Radhakrishnan 1995,Musculista senhausia,"Cochin, India",9,28,76,13,1,12,3,,,,,,,,
205,Stephen 1980,Crassostrea madrasensis,Mulky Estuary,13,5,74,46,4,6,5,10,11,11,,,,,
206,Taylor and Venn 1979,Aequipecten opercularis,"Cumbrae deep, UK",55,45,-4,57,6,7,6,,,,,,,,
207,Thompson and Macdonald 1990,Placopecten magellanicus,"Sunnyside, Newfoundland",47,51,-53,53,9,10,9,,,,,,,,
208,Toro et al 2008,Mytilus edulis,"Trinity Bay, Newfoundland",47,54,-53,26,6,8,7,,,,,,,,
208,Toro et al 2008,Mytilus trossulus,"Trinity Bay, Newfoundland",47,54,-53,26,7,10,8,,,,,,,,
210,Urrutia et al 1999,Ruditapes decussatus,Urdaibai Estuary,43,24,-2,42,7,8,7,,,,,,,,
211,Wilson and Hodgkin 1967,Mytilus edulis,"Fremantle, Western Australia",-32,4,115,45,7,10,7,7,10,9,,,,,
211,Wilson and Hodgkin 1967,Xenostrobus pulex,"Fremantle, Western Australia",-32,4,115,45,7,8,8,9,11,10,11,2,12,,
211,Wilson and Hodgkin 1967,Septifer bilocularis,"Fremantle, Western Australia",-32,4,115,45,4,5,4,,,,,,,,
211,Wilson and Hodgkin 1967,Brachidontes variabilis,"Fremantle, Western Australia",-32,4,115,45,4,5,4,,,,,,,,
211,Wilson and Hodgkin 1967,Amygdalum glaberrimum,"Fremantle, Western Australia",-32,4,115,45,10,11,11,,,,,,,,
216,Winther and Gray 1985,Mya arenaria,"Oslofjord, Norway",59,53,10,43,5,5,5,8,9,9,,,,,
217,Yan et al 2010,Cyclina sinensis,"Yellow River Delta, China",37,49,119,10,8,10,8,,,,,,,,
218,Yennawar et al 1999,Martesia striata,"Zuari Estuary, Goa, India",15,31,73,59,1,12,6,,,,,,,,
219,Yildiz et al 2011,Ostrea edulis,"Dardanelles, Turkey",40,23,26,42,9,12,9,,,,,,,,
220,Yoo and Yoo 1984,Atrina pectinata japonica,"Yoja Bay, Korea",34,39,127,34,4,6,5,,,,,,,,
221,Young et al 1999,Pecten fumatus,"King Island, Tasmania",-39,49,143,51,9,1,12,,,,,,,,
222,Young et al 2000,Pecten fumatus,"Bass Strait, Tasmania",-40,26,148,24,8,12,,,,,,,,,
223,Zandee et al 1980,Mytilus edulis,Dutch Wadden Sea,53,6,6,1,3,6,3,,,,,,,,
224,Zeichen et al 2002,Donax trunculus,"Apulia, Italy",41,55,15,26,3,7,5,,,,,,,,
225,Zwarts 1991,Macoma balthica,"Groningen, Netherlands",53,25,6,20,,,5,,,,,,,,
225,Zwarts 1991,Scrobiculara plana,"Groningen, Netherlands",53,25,6,20,,,8,,,,,,,,
225,Zwarts 1991,Mya arenaria,"Groningen, Netherlands",53,25,6,20,,,6,,,,,,,,
225,Zwarts 1991,Cerastoderma edule,"Groningen, Netherlands",53,25,6,20,,,6,,,,,,,,
229,Borzone et al 2001,Chione pubera,"Bom Abrigo, Brazil",-25,29,-47,37,2,8,7,,,,,,,,
230,Braley 1982,Saccostrea cuccullatta,Guam,13,26,144,41,1,12,12,3,4,3,6,6,6,,
231,Bricelj et al 1987,Argopecten irradians,"Sag Harbor, New York",40,60,-72,18,5,8,6,,,,,,,,
232,Bricelj et al 1987,Argopecten irradians,"Barcelona Neck, New York",41,0,-72,17,6,8,6,,,,,,,,
233,Bricelj et al 1987,Argopecten irradians,"Three Mile Harbor, New York",41,0,-72,16,6,8,6,,,,,,,,
234,Bricelj et al 1987,Argopecten irradians,"Mashomack Point, NY",41,2,-72,14,6,8,6,,,,,,,,
235,Berge 1969,Crassostrea gigas,Tomales Bay,38,7,-122,51,7,8,7,,,,,,,,
235,Berge 1969,Crassostrea gigas,Tomales Bay,38,7,-122,51,4,7,5,,,,,,,,
236,Brousseau 1978,Mya arenaria,"Annisquam River, Mass",42,39,-70,42,5,8,8,,,,,,,,
237,Chetoui et al 2018,Mactra stultorum,"Kalaat Andalous, Tunisia",37,3,10,15,8,9,8,,,,,,,,
238,Chung et al 1987,Mactra chinensis,"Kunson, South Korea",36,2,126,41,5,9,6,,,,,,,,
239,Jones 1981,Spisula solidissima,NJ,39,48,-74,4,5,10,9,,,,,,,,
240,Jones 1981,Arctica islandica,"Asbury Park, NJ",40,15,-73,40,6,11,9,,,,,,,,
241,Hashizume et al 2012,Astarte borealis,Tokyo Bay,35,39,139,56,7,2,8,,,,,,,,
242,Ibrahim et al 2015,Donax semistriatus,"Idku, Egypt",31,31,30,3,3,12,7,,,,,,,,
243,Laudien et al 2001,Donax serra,"Langstrand, Namibia",-22,47,14,33,9,2,11,,,,,,,,
244,Laudien et al 2002,Donax serra,"Paaltjies IV, Namibia",-22,59,14,24,8,1,9,,,,,,,,
245,Rojas 1985,Donax denticulatus,"Punta Araya beach, Venezuela",10,37,-64,17,1,6,5,7,12,11,,,,,
246,Abd-Elghany 2013,Venerupis decussata,"Port Said, Egypt",31,15,32,30,5,10,8,,,,,,,,
247,van Erkom Schurink and Griffiths 1991,Aulacomya atra,"Bloubergstrand, SA",-33,50,18,29,9,11,9,6,7,7,2,3,3,,
247,van Erkom Schurink and Griffiths 1991,Choromytilus meridionalis,"Bloubergstrand, SA",-33,50,18,29,3,8,3,,,,,,,,
247,van Erkom Schurink and Griffiths 1991,Mytilus galloprovincialis,"Bloubergstrand, SA",-33,50,18,29,3,8,3,,,,,,,,
247,van Erkom Schurink and Griffiths 1991,Perna perna,"Diddo Valley, False Bay, SA",-34,11,18,26,3,8,3,,,,,,,,
251,Urban and Campos 1994,Semele solida,"Bay of Dichato, Chile",-36,32,-73,57,10,4,1,,,,,,,,
252,Urban and Campos 1994,Protothaca thaca,"Bay of Dichato, Chile",-36,32,-73,57,10,4,1,,,,,,,,
253,Suarez et al 2005,Mytilus galloprovincialis,"Vigo Estuary, Spain",42,14,-8,42,11,4,1,,,,,,,,
254,Tenjing et al 2017,Donax faba,"Padukere, India",13,21,74,42,1,12,6,,,,,,,,
255,Neuberger-Cywiak et al 1990,Donax trunculus,"Acre, Israel",32,55,35,5,8,8,8,,,,,,,,
256,Nagabhushanam and Mane 1975,Katelysia opima,"Ratnagiri, India",16,59,73,19,10,11,10,3,4,3,,,,,
257,Nagabhushanam and Dhamne 1977,Paphia laterisulca,"Ratnagiri, India",16,59,73,19,9,11,9,1,5,2,,,,,
258,Rao et al 1967,Solen kempi,"Ratnagiri, India",16,59,73,19,10,3,10,,,,,,,,
259,Durve 1965,Crassostrea gryphoides,"Kelwa, India",19,37,72,44,7,9,7,,,,,,,,
260,Naidu 1970,Placopecten magellanicus,"Port au Port Bay, Newfoundland",48,33,-58,43,9,10,9,6,6,6,,,,,
261,Narchi 1976,Anomalocardia brasiliana,"Ponta da Praia, Baia de Santos",-23,47,-46,22,1,12,1,,,,,,,,
262,Dukeman et al 2005,Ctenoides scaber,"Boca Chica Key, Florida",24,35,-81,43,6,11,8,2,4,2,,,,,
263,El-Deeb et al 2018,Brachidontes pharaonis,"Alexandria, Egypt",36,8,29,35,1,12,5,,,,,,,,
264,Feder et al 1979,Protothaca staminea,"Simpson Bay, Alaska",60,39,-145,54,6,9,7,,,,,,,,
265,Fournier 1992,Ostrea iridescens,"Curu, Costa Rica",9,47,-84,55,1,12,11,,,,,,,,
266,Galinou-Mitsoudi and Sinis 1994,Lithophaga lithophaga,"North Euboean Gulf, Greece",38,32,23,22,8,2,10,,,,,,,,
267,Kandeel et al 2017,Donax variabilis,"New Damietta shore, Egypt",31,28,31,44,4,7,6,,,,,,,,
268,Tranter 1958,Pinctada albina,"Thursday Island, Australia",-10,35,142,13,1,12,4,,,,,,,,
269,O'Sullivan 1980,Ostraea angasi,"West Lakes, South Australia",-34,52,138,30,10,3,11,,,,,,,,
270,Derbali et al 2009,Cerastoderma glaucum,"Sfax, Tunisia",34,34,10,46,6,7,6,11,12,11,,,,,
271,Kennedy 1977,Mytilus edulis,"Taylor's Mistake, NZ",-43,35,172,47,8,3,8,,,,,,,,
271,Kennedy 1977,Aulacomya maoriana,"Taylor's Mistake, NZ",-43,35,172,47,8,11,8,,,,,,,,
273,Hurtado et al 2012,Crassostrea corteziensis,"Laguna de Ceuta, Sinaloa",24,6,-17,11,4,11,5,,,,,,,,
274,Ke and Li 2013,Mactra quadrangularis,"Shandong Peninsula, China",37,35,118,33,7,9,8,,,,,,,,
275,Jaramillo and Navarro 1995,Aulacomya atra,"Chiloe Island, Chile",-42,45,-73,31,6,1,9,,,,,,,,
276,Lauren 1982,Hinnites giganteus,"Puget Sound, Washington",48,45,-122,50,6,6,6,,,,,,,,
277,Duprat-Bertazzi et al 2005,Hyotissa hyotis,"La Ballena Island, Mexico",24,29,-110,25,2,12,7,,,,,,,,
278,Garcia-Dominguez et al 1994,Megapitaria aurantiaca,"Isla Espiritu Santo, Mexico",24,28,-110,20,1,12,3,,,,,,,,
279,Karray et al 2015,Cerastoderma glaucum,"Sfax, Tunisia",33,31,10,42,2,4,2,7,7,7,11,11,11,,
280,Garcia-Dominguez et al 1993,Chione californiensis,Port of San Carlos,24,47,-112,6,6,9,7,,,,,,,,
281,Ayache et al 2016,Solen marginatus,"Gulf of Gabes, Tunisia",34,25,10,20,5,5,5,9,12,10,,,,,
282,Rinyod and Rahim et al 2011,Solen regularis,"Asajaya Laut, Sarawak, Malaysia",1,36,110,36,4,9,4,,,,,,,,
283,Rinyod and Rahim et al 2011,Solen regularis,"Buntal River, Malaysia",1,42,110,22,5,10,5,,,,,,,,
284,Berry 1978,Perna perna,"Durban, South Africa",-29,52,31,1,5,12,6,,,,,,,,
285,Schweers et al 2006,Megapitaria squalida,"Bahia Magdalena, Mexico",24,41,-112,1,1,12,6,,,,,,,,
286,Diadhiou and Pennec 2000,Crassostrea tulipa,"Casamance, Senegal",12,32,-16,40,1,12,4,,,,,,,,
287,Wellesley-Cole and Kamara 1978,Crassostrea tulipa,"Jui, Sierra Leone",8,27,-13,9,1,12,7,,,,,,,,
288,Tenjing 2016,Donax scortum,"Padukere, India",13,21,74,42,1,12,5,,,,,,,,
289,Siung 1980,Isognomon alatus,"Port Royal, Jamaica",17,56,-76,50,8,11,8,,,,,,,,
290,Tirado and Salas 1999,Donax venustus,"Fuengirola, Spain ",36,32,-4,37,4,11,4,,,,,,,,
290,Tirado and Salas 1999,Donax semistriatus,"Fuengirola, Spain ",36,32,-4,37,2,11,7,,,,,,,,
292,Tirado et al 2003,Venus verrucosa,Malaga Bay ,36,30,-4,48,1,12,6,,,,,,,,
293,Brock and Wolowicz  1994,Cerastoderma glaucum,"Gdansk Bay, Poland",54,31,18,33,6,8,6,,,,,,,,
294,Brock and Wolowicz  1994,Cerastoderma glaucum,Marennes-Oleron,45,49,-1,13,6,8,6,,,,,,,,
295,Brock and Wolowicz  1994,Cerastoderma glaucum,Arcachon Basin,44,39,-1,11,5,6,5,,,,,,,,
296,Brock and Wolowicz  1994,Cerastoderma glaucum,Limfjord,56,54,8,57,8,10,8,,,,,,,,
297,Villalejo-Fuerte and Ochoa-Baez 1993,Argopecten circularis,"Bahia Conception, BCS, Mexico",26,29,-111,37,9,5,2,,,,,,,,
298,Brousseau 1982b,Geukensia demissa,"Westport, Connecticut",41,7,-73,20,6,10,7,,,,,,,,
299,Brousseau 1982,Petricola pholadiformis,"Milford, CT",41,12,-73,5,5,10,6,,,,,,,,
300,Ortiz-Galarza et al 1994,Trachycardium procerum,"Chimbote, Peru",-9,11,-78,33,2,4,3,10,11,10,,,,,
301,Peharda et al 2006,Arca noae,Mali Ston Bay,42,52,17,39,7,10,8,,,,,,,,
302,Peredo et al 1987,Mesodesma donacium,"Queule Beach, Chile",-39,25,-73,13,12,4,1,,,,,,,,
303,Rao 1951,Crassostrea madrasensis,"Chennai Harbor, India",13,5,80,17,11,1,10,3,4,3,,,,,
304,Rao 1967,Donax cuneatus,"Triplicane Beach, Chennai, India",13,4,80,17,1,6,1,,,,,,,,
305,Rharrass et al 2016,Acanthocardia tuberculata,"M'diq Bay, Morocco",35,41,-5,19,5,7,6,,,,,,,,
306,Silva et al 2012,Iphigenia brasiliana,Todos os Santos Bay,-12,37,-38,41,1,12,4,,,,,,,,
307,Thorarinsdottir 1993,Chlamys islandica,"Breidafjordur, Iceland",65,3,22,51,7,7,7,,,,,,,,
308,Pinn et al 2005,Pholas dactylus,"Lyme Regis, UK",50,43,2,56,6,9,7,,,,,,,,
309,Rakov 1988,Ruditapes phillipinarum,"Possyet, Russia",42,40,130,48,6,8,6,,,,,,,Via Ponurovskii 2008,
310,Cabanas et al 2010,Perumytilus purpuratus,"Taltal, Chile",-25,24,-70,28,6,7,6,10,11,10,2,2,2,,
311,Cabanas et al 2010,Perumytilus purpuratus,"Huasco, Chile",-28,27,-71,13,11,1,11,9,9,9,,,,,
312,Khalil et al 2017,Anadara granosa,"Banda Aceh, Indonesia",5,33,95,19,12,11,1,,,,,,,,
313,Khalil et al 2017,Anadara granosa,"Lhokseumawe, Indonesia",5,11,97,8,2,10,5,,,,,,,,
314,Khalil et al 2017,Anadara granosa,"Pulau Pinang, Indonesia",5,25,100,20,6,9,8,12,4,2,,,,,
315,Galimany et al 2015,Callista chione,"Maresme, Spain",41,18,2,20,2,7,5,9,11,10,,,,,
316,Alfaro et al 2001,Perna canaliculus,"Ninety Mile Beach, NZ",-35,11,173,5,6,12,7,,,,,,,,
316,Ampuero 2005,Mulinia edulis,"Yaldad, Chile",-43,7,-73,44,12,2,1,,,,,,,,
318,Stead et al 2002,Semele solida,"Puerto Montt, Chile",-41,29,-72,54,1,12,12,,,,,,,,
318,Stead et al 2002,Tagelus dombeii,"Puerto Montt, Chile",-41,29,-72,54,8,1,12,,,,,,,,
320,Gribben 2005,Zenatia acinaces,"Kennedy Bay, NZ",-36,41,175,43,9,12,9,,,,,,,,
321,Jaramillo et al 1993,Zygochlamys patagonica,"Hueihue, Bay",-41,54,-73,31,1,12,12,,,,,,,,
322,Lozada and Reyes 1982,Perumytilus purpuratus,"El Tabo, Chile",-33,27,-71,41,1,12,8,,,,,,,,
323,Lozada and Bustos 1984,Leukoma antiqua,"Bahia de Ancud, Chile",-41,51,-73,52,1,12,8,,,,,,,,
324,Mokady et al 1993,Lithophaga lessepsiana,"Eilat, Israel",29,32,34,56,12,1,12,,,,,,,,
324,Mokady et al 1993,Lithophaga simplex,"Eilat, Israel",29,32,34,56,7,8,7,,,,,,,,
324,Mokady et al 1993,Lithophaga purpurea,"Eilat, Israel",29,32,34,56,8,9,8,,,,,,,,
325,Nakano et al 2012,Astarte borealis,"Ariake Sound, Japan",32,47,130,36,5,8,6,,,,,,,,
326,Power et al 2004,Anadara ovalis,"Matanzas River, Florida",29,38,-81,13,10,9,6,,,,,,,,
327,Power et al 2005,Noetia ponderosa,"Cedar Key, Florida",29,8,-83,2,5,2,7,,,,,,,,
328,Raleigh and Keegan 2006,Scrobiculara plana,"Mweeloon Bay, Ireland",53,14,-9,0,5,9,7,,,,,,,,
329,Hughes,Scrobiculara plana,"Conwy Bay, Wales",53,18,3,51,7,8,7,,,,,,,,
330,Paes-da-Franca 1956,Scrobiculara plana,"Tage estuary, Portugal",38,47,-8,56,1,6,3,6,10,7,,,,Via Hughes,
331,Malachowski 1988,Hinnites giganteus,"Humboldt Bay, CA",40,49,-124,10,8,10,9,1,6,3,,,,,
332,Toral-Barza and Gomez 1985,Anadara antiquata,"Calatagan, Philippines",13,49,120,37,1,12,3,,,,,,,,
333,Torroglosa and Gimenez 2017,Brachidontes rodriguezii,"Villa Gesell, Argentina",-37,16,-56,53,9,7,10,,,,,,,,
334,Hernandez-Olalde et al 2007,Pteria sterna,"Ojo de Liebre Lagoon, BCS, Mexico",28,0,-114,20,10,1,11,,,,,,,,
335,Villalejo-Fuerte et al 1995,Glycymeris gigantea,"Bahia Conception, BCS, Mexico",26,29,-111,37,4,1,10,,,,,,,,
336,Gaspar-Soria et al 2002,Atrina seminuda,"Piedras Coloradas, Argentina",-40,53,-65,4,11,2,12,,,,,,,,
337,Rachor 1975,Nucula nitidosa,German Bight,54,8,7,53,8,5,3,,,,,,,,
338,Wilson and Simons 1985,Ostrea edulis,"Ballinakill Harbour, Ireland",52,15,-7,0,6,9,7,,,,,,,,
338,Wilson and Simons 1985,Ostrea edulis,"Kilkieran Bay, Ireland",53,19,-6,16,7,9,7,4,6,4,,,,,
339,Hamdani and Soltani-Mazouni 2011,Donax trunculus,"Gulf of Annaba, Algeria",36,50,8,50,1,8,6,,,,,,,,
340,Yurimoto et al 2008,Scapharca kagoshimensis,"Ariake Bay, Japan",32,47,130,36,7,9,8,,,,,,,,
341,Yurimoto et al 2014,Anadara granosa,"Sungai Muloh, Malaysia",3,10,101,37,11,3,12,,,,,,,,
342,Park et al 2001,Scapharca broughtonii,"Chinju Bay, Korea",35,5,128,2,6,9,7,,,,,,,,
343,Ceballos-Vazquez et al 2000,Pinna rugosa,"Bahia Conception, BCS, Mexico",26,29,-111,37,3,12,7,,,,,,,,
344,Lista et al 2008,Arca zebra,"Chacopata, Venezuela",10,41,-63,49,1,12,10,,,,,,,,
345,Urrutia et al 2001,Tagelus dombeii,"Puerto Montt, Chile",-41,29,-72,54,11,12,11,2,4,2,,,,,
346,Berg and Alatalo 1985,Asaphis deflorata,Grand Bahama Island,26,36,-78,23,8,11,8,,,,,,,,
347,Benomar et al 2009,Perna perna,"Agadir, Morocco",30,38,-9,53,5,8,7,11,12,11,,,,,
348,Alatalo et al 1984,Codakia orbicularis,Grand Bahama Island,26,36,-78,23,5,10,8,,,,,,,,
349,Kefi et al 2014,Lithophaga lithophaga,"Bizerte Bay, Tunisia",37,8,9,46,8,11,8,,,,,,,,
350,Tirado et al 2002,Callista chione,"Fuengirola, Spain ",36,28,-4,43,1,12,4,,,,,,,,
351,Thorarinsdottir and Gunnarsson 2003,Mytilus edulis,"Breidafjordur, Iceland",65,3,-22,51,7,11,8,,,,,,,,
351,Thorarinsdottir and Gunnarsson 2003,Mytilus edulis,"Mjoifjordur, Iceland",65,58,-18,54,7,11,7,,,,,,,,
352,Sundet and Lee 1984,Chlamys islandica,"Tromso, Norway",69,31,18,55,6,7,6,,,,,,,,
353,Skreslet 1973,Chlamys islandica,"Balsfjord, Norway",69,30,19,0,6,7,6,,,,,,,,
354,Smaoui-Damak et al 2012,Ruditapes phillipinarum,"Sfax, Tunisia",34,35,10,42,8,12,9,,,,,,,,
355,Sola 1997,Scrobiculara plana,"Bidasoa Estuary, Spain",43,20,-1,45,6,9,7,,,,,,,,
356,Elkaim 1976,Scrobiculara plana,"Bou Regreg, Morocco",33,54,-6,47,7,11,8,,,,,,,,
357,Bachelet 1981,Scrobiculara plana,"La Gironde, France",45,35,-1,4,6,9,7,2,4,3,,,,Via Sola,
358,Bachelet 1981,Scrobiculara plana,Arcachon Basin,44,40,-1,10,5,6,5,1,2,1,,,,Via Sola,
359,Silva 1991,Scrobiculara plana,"Tajo, Portugal",38,47,-8,56,4,9,7,,,,,,,Via Sola,
360,Silva 1991,Scrobiculara plana,"Mira, Portugal",40,26,-8,46,4,9,7,,,,,,,Via Sola,
361,Villalejo-Fuerte and Garcia-Dominguez 1998,Spondylus leucacanthus,"Isla Danzante, Gulf of California",25,49,-111,46,8,10,8,,,,,,,,
362,Villalejo-Fuerte et al 1996,Laevicardium elatum,"Bahia Conception, BCS, Mexico",26,29,-111,37,10,4,2,,,,,,,,
363,Villalejo-Fuerte et al 2002,Spondylus calcifer,"Bahia de Loreto, BCS, Mexico",25,49,-111,16,8,10,8,,,,,,,,
364,Sweeney and Walker 1998,Brachidontes variabilis,"Wassaw Island, GA",31,56,-80,57,5,2,11,,,,,,,,
365,Camilo et al 2018,Mytella guyanensis,"Bay of Igaupe, Brazil",-12,39,-38,52,1,12,4,,,,,,,,
366,Lasiak 1986,Crassostrea cucullata,"Hluleka, South Africa",-31,49,29,19,2,3,2,,,,,,,,
366,Lasiak 1986,Perna perna,"Hluleka, South Africa",-31,49,29,19,2,9,4,,,,,,,,
367,Ling 1970,Crassostrea cucullata,Singapore,1,15,103,53,1,12,,,,,,,,via Lasiak,
368,Awati and Rai 1931,Crassostrea cucullata,"Mumbai, India",19,5,72,53,1,12,,,,,,,,via Lasiak,
369,Berry 1978,Perna perna,"Natal, SA",-29,1,31,48,5,8,5,9,10,9,,,,via Lasiak,
370,Gomes et al 2009,Mytella guyanensis,"Furo do Meio, Brazil",0,-52,-46,39,1,12,,,,,,,,,
371,Chung and Ryou 2000,Astarte borealis,"Naechodo, Korea",35,54,126,39,6,9,7,,,,,,,,
372,Chung et al 1986,Solen strictus,"Naechodo, Korea",35,54,126,39,6,7,7,,,,,,,,
372,Chung et al 1986,Solen gordonis,"Dadaepo, Korea",35,3,128,58,5,6,6,,,,,,,,
373,Chung et al 2007,Mactra chinensis,"Simpo, Korea",35,50,126,38,6,9,7,,,,,,,,
374,Angel-Perez et al 2007,Atrina maura,"Oaxaca, Mexico",16,11,-98,5,2,6,3,,,,,,,,
375,Ansell et al 1972,Donax incarnatus,"Shertallai, India",9,41,76,18,1,12,7,,,,,,,,
377,Ansell 1974,Nucula sulcata,"Cumbrae deep, UK",55,45,-4,57,11,11,11,,,,,,,,
388,Ansell 1975,Astarte montagui,Wemyss Bay Pier,55,53,-4,53,11,3,11,,,,,,,,
389,Bantoto and Ilano 2012,Lutraria philippinarum,,9,38,123,8,4,9,6,9,1,1,,,,,
390,Wade 1968,Donax denticulatus,"Port Henderson, Jamaica",17,57,-76,52,1,12,11,,,,,,,,
391,Wada et al 1995,Pinctada fucata,"Zamami Island, Okinawa",26,14,127,18,6,4,1,,,,,,,,
392,Pearson et al 1929,Pinctada fucata,"Gulf of Mannar, Sri Lanka",9,5,79,47,1,12,5,1,12,11,,,,Via Wada et al 1995,
393,Uemoto 1958,Pinctada fucata,"Mie, Japan",34,45,136,37,7,8,7,,,,,,,Via Wada et al 1995,
394,Tranter 1959,Pinctada fucata,"Thursday Island, Australia",-10,35,142,13,1,12,4,1,12,1,,,,Via Wada et al 1995,
395,"Yagihara et al, 1959",Pinctada fucata,"Nagasaki, Japan",33,,129,46,7,8,7,,,,,,,Via Wada et al 1995,
396,Wisely 1964,Mytilus edulis planulatus,"Garden Island, Australia",33,51,151,14,6,8,6,,,,,,,,
397,Wolowicz 1987,Cerastoderma glaucum,"Gdansk Bay, Poland",54,31,18,33,6,6,6,,,,,,,,
397,Wolowicz 1987,Parvicardium hauniense,"Gdansk Bay, Poland",54,31,18,33,5,7,6,,,,,,,,
398,Garcia-Dominguez et al 1996,Pinctada mazatlanica,"Isla Espiritu Santo, Mexico",24,26,-110,22,1,12,7,,,,,,,,
399,Garcia-Dominguez et al 1998,Periglypta multicostata,"Isla Espiritu Santo, Mexico",24,26,-110,22,1,12,7,,,,,,,,
400,Rose et al 1990,Pinctada maxima,"Eighty-Mile Beach, Australia",-18,30,120,41,9,4,9,,,,,,,,
401,Hwang et al 2007,Pinctada fucata,"Hainan Island, China",18,24,110,,5,5,5,10,10,10,,,,,
401,Hwang et al 2007,Pinctada margaritifera,"Hainan Island, China",18,24,110,,7,7,7,11,11,11,,,,,
402,Rowell et al 1990,Arctica islandica,"St. Mary's Bay, Nova Scotia",44,29,-66,1,9,6,3,,,,,,,,
403,Gibbs 1984,Abra tenuis,"Plymouth Sound, UK",50,24,-4,11,7,8,7,,,,,,,,
404,Giguere et al 1994,Placopecten magellanicus,"Iles-de-la-Madeline, Canada",47,21,62,,9,10,9,,,,,,,,
404,Giguere et al 1994,Chlamys islandica,"Iles-de-la-Madeline, Canada",47,21,62,,7,10,8,,,,,,,,
405,Sarkis et al 2006,Argopecten gibbus,"Harrington Sound, Bermuda",32,19,-64,43,1,6,5,,,,,,,,
406,Sarkis et al 1993,Arca zebra,"Harrington Sound, Bermuda",32,19,-64,43,6,6,6,11,11,11,,,,,
407,Jagadis and Rajagopal 2007,Gafrarium tumidum,"Chinnapalam, India",8,35,78,8,1,12,11,1,12,4,,,,,
408,Thangavelu and Poovannan 1994,Meretrix casta,"Muttukudu Backwater, India",12,49,80,14,1,12,3,1,12,8,,,,,
409,Beauchamp 1996,Lasaea subviridis,"Santa Cruz, California",36,57,122,5,1,12,7,,,,,,,,
410,Thompson and Nichols 1988,Macoma balthica,"San Francisco, CA",37,40,122,14,12,4,2,8,10,9,,,,,
411,Freites et al 2010,Anadara notabilis,"Chacopata, Venezuela",10,43,-63,49,12,11,7,,,,,,,,
412,Richardson et al 1999,Pinna nobilis,"Villaricos, Spain",37,15,-1,46,8,9,8,,,,,,,,
413,Calabrese 1970,Mulinia lateralis,"New Haven, CT",41,18,-72,56,7,10,8,,,,,,,,
412,Harvey and Gage 1985,Nuculoma tenuis,Loch Etive,56,34,-5,4,1,2,1,,,,,,,,
413,Kim et al 2005,Saxidomus purpuratus,,36,43,126,8,5,10,6,,,,,,,,
414,McGrath and Foighil 1986,Lasaea rubra,"Carnsore Point, Ireland",52,10,6,21,5,10,7,,,,,,,,
415,Chung et al 2011,Cyclina sinensis,"Simpo, Korea",35,50,126,38,6,10,7,,,,,,,,
416,Baron and Ciocco 2001,Tellina petitiana,"Nuevo Gulf, Argentina",-42,45,-64,58,11,3,2,,,,,,,,
417,Cueta and Boehs 2011,Tagelus plebeius,"Cachoeira River, Brazil",-14,46,-39,1,1,12,10,,,,,,,,
418,Darriba et al 2004,Ensis arcuatus,"Cies Islands, Spain",42,14,-8,52,2,7,6,,,,,,,,
419,Li et al 2006,Crassostrea plicatula,"Rushan Bay, China",36,43,121,28,7,10,9,,,,,,,,
420,Lenz and Boehs 2010,Crassostrea rhizophorae,"Camamu Bay, Brazil",-14,7,-39,3,1,12,3,,,,,,,,
421,Limpanont et al 2011,Heteromacoma irus,"Jeju Island, Korea",33,33,126,44,7,8,7,,,,,,,,
422,Lopez et al 1997,Pinctada mazatlanica,"Isla Pan de Azucar, Costa Rica",9,56,-84,54,1,12,6,1,12,10,,,,,
423,Luna-Gonzalez et al 2000,Argopecten ventricosus,"Rada del Puerto de Pichilingue, Mexico",24,16,-110,19,7,12,8,3,5,4,,,,,
424,Morriconi et al 2002,Eurhomalea exalbida,"Ushuaia Bay, Argentina",-54,50,-68,16,9,1,11,,,,,,,,
425,Morriconi et al 2007,Tawera gayi,"Ushuaia Bay, Argentina",-54,50,-68,16,9,10,10,,,,,,,,
426,Kang et al 2007,Coecella chinensis,"Jeju Island, Korea",33,26,126,44,8,9,8,,,,,,,,
427,Kang et al 2008,Laternula elliptica,"Marian Cove, Antarctica",-62,13,-58,47,2,3,2,,,,,,,,
428,Shafee 1981,Mimachlamys varia,"Bay of Brest, France",48,17,-4,27,5,6,5,9,9,9,,,,,
429,Shafee 1989,Perna picta,"Rabat, Morocco",33,58,-6,57,2,5,3,,,,,,,,
430,Ramon et al 1995,Donax trunculus,"Cullera, Spain",39,9,0,15,6,9,6,,,,,,,,
431,Rae 1978,Rexithaerus secta,Tomales Bay,38,14,-122,56,7,9,7,,,,,,,,
431,Rae 1978,Macoma nasuta,Tomales Bay,38,14,-122,56,8,11,8,,,,,,,,
432,Bourne and Smith 1972,Tresus capax,"Strait of Georgia, British Columbia",49,23,-123,34,2,5,3,,,,,,,,
433,Parveen et al 2018,Placuna placenta,"Sonmiani Bay, Pakistan",25,25,66,35,1,12,10,,,,,,,,
434,Gallucci and Gallucci 1982,Clinocardium nuttallii,"Garrison Bay, Washington",48,35,-128,8,4,11,7,,,,,,,,
435,Mattox 1949,Crassostrea rhizophorae,"Boqueron Bay, Puerto Rico",18,0,-67,10,1,12,,,,,,,,,
436,Metaxatos 2004,Callista chione,"Euboean Gulf, Greece",38,34,23,27,1,12,12,,,,,,,,
437,Moore and Lopez 1969,Chione cancellata,"Biscayne Bay, Florida",25,34,-80,14,1,3,1,5,10,6,,,,,
438,Fraser 1967,Tagelus divisus,"Biscayne Bay, Florida",25,34,-80,14,12,3,1,,,,,,,,
438,Mendo et al 2016,Pecten fumatus,"Great Bay, Tasmania",-43,13,147,20,10,3,11,,,,,,,,
439,Miller et al 1981,Argopecten gibbus,"Cape Canaveral, Florida",28,48,-80,39,11,6,2,,,,,,,,
440,Nottingham and White 2015,Mactra murchosoni,"Pegasus Bay, NZ",-43,20,173,0,10,4,2,,,,,,,,
441,Parsons et al 1992,Placopecten magellanicus,"Passamaquoddy Bay, Canada",45,5,-67,0,8,8,8,,,,,,,,
442,Davis and Wilson 1983,Nucula turgida,"Dublin Bay, Ireland",53,21,6,16,7,9,9,,,,,,,,
443,Duinker and Nylund 2002,Pecten maximus,"Raunefjorden, Norway",60,16,5,5,3,9,7,,,,,,,,
444,Ivell 1979a,Cerastoderma glaucum,"Lago Lungo, Italy",41,17,13,24,4,8,5,10,11,10,1,3,2,,
445,Ivell 1979b,Cerastoderma glaucum,"Widewater, Sussex",50,49,0,-18,5,6,5,,,,,,,,
489,Maloy et al 2003,Mytilus edulis,"Cobscook Bay, Maine",44,56,-67,8,7,10,7,,,,,,,,
489,Maloy et al 2003,Mytilus trossulus,"Cobscook Bay, Maine",44,56,-67,8,7,10,7,,,,,,,,
490,O'Connor et al 1996,Mimachlamys sanguinea,"Jervis Bay, Australia",-35,3,150,45,1,12,1,,,,,,,,
491,Vinuesa and Tortorelli 1980,Aulacomya atra,Puerto Deseado,-47,45,-65,55,1,1,1,4,4,4,,,,,via Perez et al 2013
492,Cervantes et al 2011,Semele corrugata,"Bahia Independencia, Peru",-14,9,-76,15,1,12,8,,,,,,,,
493,Rajagopal et al 1998,Perna viridis,"Edaiyur, India",12,34,80,11,9,2,11,4,7,6,,,,,
494,Reddiah 1962,Talochlamys pusio,Isle of Man,54,2,-4,48,5,8,6,11,1,11,,,,,
494,Reddiah 1962,Mimachlamys varia,Isle of Man,54,2,-4,48,6,6,6,9,11,9,,,,,
495,Lubet 1962,Mimachlamys varia,Arcachon Basin,44,40,-1,10,5,6,5,9,9,9,,,,,via Reddiah 1962
494,Reddiah 1962,Chlamys tigerina,Isle of Man,54,2,-4,48,6,6,6,,,,,,,,
494,Reddiah 1962,Palliolum striatum,Isle of Man,54,2,-4,48,7,9,8,,,,,,,,
494,Reddiah 1962,Palliolum incomparabile,Isle of Man,54,2,-4,48,6,6,6,10,11,10,,,,,
496,King et al 1989,Mytilus edulis,Galway Bay,53,13,-9,30,3,9,4,,,,,,,,
497,Corte et al 2014,Tivela mactroides,"Caraguatatuba Bay, Brazil",-23,40,-45,25,12,2,12,4,10,8,,,,,
498,Mugabe et al 2017,Eumarcia paupercula,"Maputo Bay, Mozambique",-25,55,32,40,1,12,1,,,,,,,,
499,Barber et al 2005,Brachidontes exustus,"Tampa Bay, Florida",28,0,-82,40,4,5,4,9,11,9,,,,,
499,Barber et al 2005,Perna viridis,"Tampa Bay, Florida",28,0,-82,40,4,5,4,9,11,9,,,,,
500,Chung et al 2006,Solen grandis,"Gunsan, Korea",35,51,126,33,6,7,6,,,,,,,,
501,Barreira and Araujo 2005,Anomalocardia brasiliana,"Fortim, Brazil",-4,27,-37,48,1,12,8,1,12,2,,,,,
502,Chung 2007,Meretrix lusoria,"Simpo, Korea",35,50,126,38,6,9,8,,,,,,,,
503,Chung et al 2010,Ruditapes phillipinarum,"Simpo, Korea",35,50,126,38,6,10,7,,,,,,,,
504,Ko 1957,Ruditapes phillipinarum,Tokyo Bay,35,19,139,38,4,7,5,9,11,9,,,,,via Chung et al 2010
505,Chung et al 1988,Mactra veneriformis,"Simpo, Korea",35,50,126,38,6,9,7,,,,,,,,
506,Jarnegren et al 2007,Acesta excavata,"Bergen, Norway",60,25,5,2,8,12,9,5,5,5,,,,,
507,Dibacco et al 1995,Placopecten magellanicus,"Georges Bank, Gulf of Maine",42,0,-66,30,5,6,5,,,,,,,,
508,Peck et al 2000,Yoldia eightsi,"Signy Island, Antarctica",-60,43,-45,36,6,6,6,,,,,,,,
509,Lewis et al 1982,Yoldia limatula,"Prince Edward Island, Canada",46,37,-63,54,8,8,8,,,,,,,,
510,Zardi et al 2007,Perna perna,"Plettenberg Bay, South Africa",-34,5,23,19,6,7,6,1,3,2,,,,,
511,Sunila 1981,Mytilus edulis,"Tvarminne, Finland",59,51,23,15,5,2,7,,,,,,,,
512,Xie and Burnell 1994,Ruditapes phillipinarum,"Cork Harbour, Ireland",51,50,8,17,9,11,10,,,,,,,,
513,Xie and Burnell 1994,Ruditapes decussatus,"Cork Harbour, Ireland",51,50,8,17,8,9,9,,,,,,,,
514,Clemente and Ingole 2009,Polymesoda erosa,"Goa, India",15,25,73,45,7,10,8,,,,,,,,
515,Grant and Creese 1995,Paphies subtriangulata,"Omaha Bay, NZ",-36,21,174,47,2,6,3,9,11,10,,,,,
516,Kang et al 2009,Laternula elliptica,"Marian Cove, Antarctica",-62,13,-58,47,12,1,12,,,,,,,,
517,Bosch and Pearse 1988,Laternula elliptica,McMurdo Sound,-77,51,-166,40,3,4,3,,,,,,,,via Kang et al 2009
518,Kang et al 2006,Laternula marilina,"Seomjin River estuary, Korea",34,56,127,48,8,9,8,,,,,,,,
518,Kang et al 2006,Moerella rutila,"Seomjin River estuary, Korea",34,56,127,48,10,11,10,,,,,,,,
519,McGreer 1983,Macoma balthica,"Fraser river estuary, BC",49,4,-123,9,6,7,7,,,,,,,,
520,Hennick 1970,Patinopecten caurinus,"Yakutat, Alaska",59,48,-144,34,5,6,5,,,,,,,,
521,Hennick 1970,Patinopecten caurinus,"Kodiak, Alaska",58,6,-152,18,6,7,6,,,,,,,,
522,Thompson 1977,Placopecten magellanicus,"Placentia Bay, Newfoundland",47,6,-54,11,8,9,8,,,,,,,,
523,MacDonald et al 1991,Chlamys hastata,"Bamfield, BC",48,50,-125,9,7,8,7,,,,,,,,
524,MacDonald et al 1991,Chlamys rubida,"Denman Island, BC",49,34,-124,48,3,4,3,9,10,9,,,,,
523,MacDonald et al 1991,Crassadoma gigantea,"Bamfield, BC",48,50,-125,9,7,8,7,,,,,,,,
525,Golikov and Scarlato 1970,Mizuhopecten yessoensis,"Posjet Bay, Russia",42,39,130,43,5,8,6,,,,,,,,
525,Golikov and Scarlato 1970,Spisula sachalinensis,"Posjet Bay, Russia",42,39,130,43,6,7,7,,,,,,,,
526,Hmida et al 2010,Solen marginatus,"Sfax, Tunisia",34,34,10,46,7,12,8,,,,,,,,
527,Jayabal and Kalyani 1989,Meretrix meretrix,"Vellar Estuary, India",11,31,79,45,2,9,6,,,,,,,,
528,Kawai et al 1993,Nitidotellina nitidula,"Hakodate Bay, Japan",41,48,140,43,5,10,8,,,,,,,,
529,Salzwedel 1979,Tellina fabula,German Bight,54,8,7,53,3,9,6,,,,,,,,via Kawai et al 1993
530,Lizarralde and Cazzaniga 2009,Tellina petitiana,"Golfo Nuevo, Argentina",-42,46,-65,2,10,3,12,,,,,,,,
531,Chambers and Milne 1975,Macoma balthica,"Ythan Estuary, Scotland",57,19,-2,0,2,4,2,,,,,,,,
532,Gilbert 1978,Macoma balthica,"Rand Harbor, Falmouth, MA",41,33,-70,37,5,6,5,,,,,,,,
533,Joseph and Madhastha 1984,Crassostrea madrasensis,Mulky Estuary,13,5,75,47,11,3,1,3,7,5,,,,,
534,Kim et al 2010,Saccostrea kegaki,"Jungmoon, Jeju Island, Korea",33,14,126,26,7,10,8,,,,,,,,
535,Kennedy and Battle 1963,Crassostrea virginica,"Malpeque Bay, PEI, Canada",46,32,-63,41,7,8,7,,,,,,,,
536,Yoon et al 2008,Crassostrea ariakensis,"Seomjin River estuary, Korea",34,56,127,48,7,9,8,,,,,,,,
537,Kim and Lee 2008,Sinonovacula constricta,"Simpo, Korea",35,50,126,38,8,10,10,,,,,,,,
538,Tettelbach et al 1999,Argopecten irradians,"Flanders Bay, NY",40,55,-72,36,6,7,6,9,11,9,,,,,
539,Strohmeier et al 2000,Pecten maximus,"Raunefjorden, Norway",60,16,5,5,3,9,4,,,,,,,,
540,Roman et al 2002,Aequipecten opercularis,"Ria de Arosa, Spain",42,34,8,54,1,9,3,,,,,,,,
541,Chang and Lee 1982,Fulvia mutica,"Gamak Bay, Yeosu, Korea",34,37,127,43,7,9,7,,,,,,,,
542,Brey and Hain 1992,Lissarca notorcadensis,"South Orkney, Antarctica",-77,54,-38,0,10,2,12,,,,,,,,
543,Leonard 1968,Pododesmus cepio,"White Gulch, CA",38,12,-122,57,6,11,8,,,,,,,,
543,Leonard 1968,Ostrea edulis,Tomales Bay,38,7,-122,51,5,9,7,,,,,,,,
544,Lightfoot et al 1979,Ledella messanensis,Rockall Trough,54,40,-12,16,1,4,2,,,,,,,,
544,Lightfoot et al 1979,Yoldiella jeffreysi,Rockall Trough,54,40,-12,16,11,12,11,,,,,,,,
545,Johnson and Le Pennec 1994,Loripes lucinalis,"Brest Harbor, France",48,21,-4,18,5,6,5,11,12,11,,,,,
546,Nabuab and del Norte-Campos 2006,Gari elongata,"Banate Bay, Philippines",10,34,122,48,1,12,8,,,,,,,,
547,Sloan and Robinson 1984,Panopea abrupta,"Hammond Bay, British Columbia",49,14,-123,58,5,6,5,,,,,,,,
548,Tyler et al 2003,Adamussium colbecki,"Rothera, Antarctica",-67,27,-68,4,9,10,9,,,,,,,,
549,van der Geest et al 2014,Loripes lucinalis,"Banc d'Arguin, Mauritania",19,52,-16,19,1,2,1,6,8,6,,,,,
550,van der Molen et al 2007,Panopea abbreviata,"Puerto Lobos, Argentina",-42,0,-65,4,1,12,7,,,,,,,,
551,Fujiwara et al 1998,Calyptogena sojoae,"Sagami Bay, Japan",35,0,139,14,1,12,,,,,,,,,
552,Hancock and Franklin 1972,Cerastoderma edule,"Llanrhidian, UK",51,37,-4,11,6,9,6,,,,,,,,
553,Gadelha et al 2019,Donax striatus,"Arjurutea, Brazil",0,-50,-46,36,1,12,2,,,,,,,,
554,Herrmann et al 2010,Donax hanleyanus,"Santa Teresita, Argentina",-36,32,-57,0,10,2,,,,,,,,,
554,Herrmann et al 2010,Donax hanleyanus,"Mar de las Pampas, Argentina",-37,19,-57,0,11,4,,,,,,,,,
554,Herrmann et al 2010,Donax hanleyanus,"Faro Querandi, Argentin",-37,29,-57,7,10,5,,,,,,,,,
555,Kang et al 2004,Ostrea circumpicta,"Jeju Island, Korea",33,13,126,34,6,6,6,,,,,,,,
556,Christo and Absher 2006,Crassostrea rhizophorae,"Guaratuba Bay, Brazil",25,52,-48,38,1,12,3,,,,,,,,
556,Christo and Absher 2006,Crassostrea brasiliana,"Guaratuba Bay, Brazil",25,52,-48,38,1,12,1,,,,,,,,
557,da Silva et al 2009,Ostrea edulis,"Coron, Spain",42,35,-8,48,4,9,5,,,,,,,,
558,Styan and Butler 2003,Chlamys bifrons,"Gulf St. Vincent, Australia",-35,8,138,14,8,8,8,6,6,6,,,,,
558,Styan and Butler 2003,Chlamys asperrima,"Gulf St. Vincent, Australia",-35,8,138,14,9,3,11,,,,,,,,
559,Neto et al 2013,Crassostrea brasiliana,"Guaratuba Bay, Brazil",-25,52,-48,38,1,12,3,,,,,,,,
559,Neto et al 2013,Crassostrea rhizophorae,"Guaratuba Bay, Brazil",-25,52,-48,38,1,12,3,,,,,,,,
560,Cledon et al 2004`,Tagelus plebeius,"Mar Chiquita, Argentina",-37,44,-57,26,10,3,12,,,,,,,,
561,Drescher et al 2019,Rangia cuneata,"Johnson Bayou, MS",30,20,-89,14,5,6,6,,,,,,,,
562,Cain 1975,Rangia cuneata,"James River, Virginia",37,13,-76,43,10,11,10,7,7,7,,,,,
563,Jovanovich and Marion 1989,Rangia cuneata,"Dog River, Mobile, Alabama",30,34,-88,5,5,10,9,,,,,,,,
564,Fairbanks 1963,Rangia cuneata,"Lake Ponchartrain, LA",30,7,-90,6,6,11,7,5,5,5,,,,,via Jovanovich
